Purchase Price,SKU,Image,Manufacturer,URL,Sale Price,Price,Description,Markup,Item Type,Item Name
15.58,101241,https://images.thdstatic.com/productImages/befb31d7-0201-4046-af98-4e801214f488/svn/clear-polymershapes-caulk-ge-55-64_1000.jpg,POLYMERSHAPES,https://www.homedepot.com/p/POLYMERSHAPES-100-Silicone-10-1-oz-Clear-Caulk-and-Sealant-for-Plastic-Sheets-GE-55/202038071,15.58,15.58,"This 10 oz. Silicone cartridge features a non-toxic, translucent, 100% silicone formula ideal for use on LEXAN sheet and most plastics. This quick-setting caulk provides a watertight seal and is permanently flexible. It offers a water-tight seal and is excellent for marine applications above the water line.",43%,Cost of Goods Sold,POLYMERSHAPES 100% Silicone 10.1 oz. Clear Caulk and Sealant for Plastic Sheets
78.38,1010104326,https://images.thdstatic.com/productImages/47d8388e-2868-4f67-8185-34f98946ecf5/svn/pro-fit-deck-screws-0297199-64_1000.jpg,PRO-FIT,https://www.homedepot.com/p/PRO-FIT-10-x-3-1-2-in-T25-Star-Drive-Bugle-Head-Grey-Wood-Deck-Screws-25-lbs-1400-Count-0297199/326205836,78.38,78.38,"PRO-FIT ceramic coated deck screws are used for wood-to-wood construction. The coarse thread gives superior holding power when attaching to wood. The ceramic coating protects the screw against high temperatures and is highly resistant to corrosive compounds. PRO-FIT deck screws come in a wide range of sizes, giving you options for any project.",43%,Cost of Goods Sold,PRO-FIT #10 x 3-1/2 in. T25 Star Drive Bugle Head Grey Wood Deck Screws 25 lbs. (1400-Count)
16.37,1001308193,https://images.thdstatic.com/productImages/afb777dc-9140-4b1b-b912-2414a92a6253/svn/peak-products-post-bases-4080-64_1000.jpg,Peak Products,https://www.homedepot.com/p/Peak-Products-4-in-x-4-in-Plastic-Post-Anchor-4080/205824747,16.37,16.37,"Combining strength, beauty and versatility, our range of Composite Plastic Post Anchors allow professional builders and DIY users to build a strong foundation for any deck. This durable post anchor is designed to attach 3.5 in. x 3.5 in. wooden post to any deck surface. Constructed from highly durable composite plastic for peace of mind with an attractive black finish that will complement any outdoor setting. Stainless steel fasteners are included in the package for a quick and easy installation. This plastic post anchor is not suitable for applications higher than 30 in. (762mm) from the ground.",43%,Cost of Goods Sold,Peak Products 4 in. x 4 in. Plastic Post Anchor
8.97,1002469566,https://images.thdstatic.com/productImages/27442df0-9e22-4a4e-88dd-eb0cbfb0cf7e/svn/peak-products-post-bases-2410-64_1000.jpg,Peak Products,https://www.homedepot.com/p/Peak-Products-4-in-x-4-in-Post-Holder-for-Post-Base-Support-2410/301026520,8.97,8.97,"Add reliable strength to your outdoor deck with this post holder. Designed to attach your wooden posts to concrete, these post holders make it easier to get a level structure. Constructed from heavy-gauge steel and rebar, this post holder makes a great foundation for building your outside decks, patios and any other.",43%,Cost of Goods Sold,Peak Products 4 in. x 4 in. Post Holder for Post Base Support
16.47,1002469564,https://images.thdstatic.com/productImages/51157bad-cc23-41bb-ba05-f8bce69dec94/svn/peak-products-post-bases-2470-64_1000.jpg,Peak Products,https://www.homedepot.com/p/Peak-Products-4-in-x-4-in-Powder-Coated-Black-Heavy-Duty-Steel-Bolt-Down-Post-Base-Support-2470/322729393,16.47,16.47,"Build a strong foundation for your deck with our range of durable post holders, post anchors and bolt down post support. This Heavy-Duty Steel Bolt Down 4x4 Post Support is designed to secure your 4x4 wooden post to concrete. It can be installed quickly and easily by any contractor or DIY user. Constructed from heavy-duty steel, this bolt down post holder will provide a sturdy support for your deck, patio or other outdoor projects. The powder coat finish adds a layer of durability and corrosion resistance to the steel, giving you a product that is maintenance-free and can withstand even the harshest weather conditions. This steel bolt down is designed to support vertical loads. It does not provide adequate lateral resistance to wind or other horizontal loads. Not recommended for fencing applications.",43%,Cost of Goods Sold,Peak Products 4 in. x 4 in. Powder-Coated Black Heavy-Duty Steel Bolt Down Post Base Support
24.48,486140,https://images.thdstatic.com/productImages/e5da0f0d-0cda-4ead-a96b-bccd1a2df3f2/svn/mdf-486140-64_1000.jpg,Unbranded,https://www.homedepot.com/p/Pegboard-White-Panel-Common-3-16-in-x-4-ft-x-8-ft-Actual-0-155-in-x-47-7-in-x-95-7-in-486140/202189722,24.48,24.48,"This is a premium hardboard pegboard with high internal bond, exceptional stability and smoothness ideal for multiple applications. We create our Eucaboard from harvesting Eucalyptus from well managed forest plantations. Our product is FSC (Forest Stewardship Council) and ISO 14001 certified, so when you buy Eucaboard you are helping to preserve our most valuable asset - our environment.",43%,Cost of Goods Sold,Unbranded Pegboard White Panel (Common: 3/16 in. x 4 ft. x 8 ft.; Actual: 0.155 in. x 47.7 in. x 95.7 in.)
7.98,734834,https://images.thdstatic.com/productImages/695c2e90-f123-4719-8933-f753198d146a/svn/white-phenoseal-caulk-00522-64_1000.jpg,Phenoseal,https://www.homedepot.com/p/Phenoseal-Does-It-All-10-oz-White-Exterior-Interior-Vinyl-Adhesive-Caulk-00522/100357228,7.98,7.98,"Phenoseal Does It All Vinyl Adhesive Caulk is a versatile solution for sealing and bonding exterior and interior caulking applications. This all-purpose caulk is formulated to adhere to most common building materials, creating a robust, weatherproof seal that blocks air and moisture from penetrating cracks and joints. Cured caulk is waterproof and may be painted over after 2 hours with latex and oil-based paints. Versatile formula provides easy water clean up, is low odor and VOC compliant ensuring a clean and user friendly experience. Exterior and interior use.",43%,Cost of Goods Sold,Phenoseal Does It All 10 oz. White Exterior/Interior Vinyl Adhesive Caulk
25.43,1000744518,https://images.thdstatic.com/productImages/7ef81983-036f-46b9-bc02-ac5190f77411/svn/phillips-ii-plus-composite-deck-screws-34255-64_1000.jpg,Phillips II Plus,https://www.homedepot.com/p/Phillips-II-Plus-10-2-1-2-in-Internal-Square-Button-Head-Composite-Deck-Screws-5-lb-Pack-34255/204002031,25.43,25.43,"Complete your composite project with these great composite screws, color matched, for indoor and outdoor projects. Approved by Trex and other manufacturers use these on decks, fences, porches, stairs and other projects for a professional appearance and the highest build quality. Complete your project with these great general purpose indoor and outdoor screws. No more loose nails or raised heads. Use on decks, fences, porches, stairs and other projects for a professional appearance and the highest build quality.",43%,Cost of Goods Sold,Phillips II Plus #10 2-1/2 in. Internal Square Button-Head Composite Deck Screws (5 lb.-Pack)
85.39,1000775796,https://images.thdstatic.com/productImages/c7e6921c-dac9-4fa4-889b-39d3bf23b6c5/svn/phillips-ii-plus-deck-screws-05250-64_1000.jpg,Phillips II Plus,https://www.homedepot.com/p/Phillips-II-Plus-9-2-1-2-in-Phillips-Square-Flat-Head-Wood-Deck-Screws-25-lb-Pack-05250/203878194,85.39,85.39,Steel Deck Screw. Phillips/Square Combo Drive. Type 17 point for a quick start. Tan in color to match various wood types.,43%,Cost of Goods Sold,Phillips II Plus #9 2-1/2 in. Phillips-Square Flat-Head Wood Deck Screws (25 lb.-Pack)
30,166014,https://images.thdstatic.com/productImages/c0e97895-6a2c-4bff-a783-33395114dbe5/svn/plytanium-sanded-plywood-235552-64_1000.jpg,Plytanium,https://www.homedepot.com/p/Plytanium-1-4-in-x-4-ft-x-8-ft-BC-Sanded-Pine-Plywood-235552/100063669,30,30,"Every piece meets the highest grading standards for strength and appearance. Sanded and smooth BC project panels are perfect for interior and exterior applications from yard art to wainscoting, do-it-yourself projects, cabinets, shelving and furniture to porch ceilings, soffits and flooring underlayment. These panels are ready to be painted. This plywood has great strength and stiffness. These boards are easy to handle and install. They also have excellent nail and adhesive holding ability.",43%,Cost of Goods Sold,Plytanium 1/4 in. x 4 ft. x 8 ft. BC Sanded Pine Plywood
35,166022,https://images.thdstatic.com/productImages/33eef644-e909-4a5e-8c7a-7cbc643a41dd/svn/plytanium-sanded-plywood-721715-64_1000.jpg,Plytanium,https://www.homedepot.com/p/Plytanium-11-32-in-or-3-8-in-x-4-ft-x-8-ft-BC-Sanded-Pine-Plywood-721715/100094072,35,35,"Every piece meets the highest grading standards for strength and appearance. Sanded and smooth BC project panels are perfect for interior and exterior applications from yard art to wainscoting, do-it-yourself projects, cabinets, shelving and furniture to porch ceilings, soffits and flooring underlayment. These panels are ready to be painted. This plywood has great strength and stiffness. These boards are easy to handle and install. They also have excellent nail and adhesive holding ability.",43%,Cost of Goods Sold,Plytanium 11/32 in. or 3/8 in. x 4 ft. x 8 ft. BC Sanded Pine Plywood
24.43,166065,https://images.thdstatic.com/productImages/03cca6da-58ba-4dcc-b680-15bcf49828ee/svn/plytanium-sheathing-plywood-112590-64_1000.jpg,Plytanium,https://www.homedepot.com/p/Plytanium-11-32-in-x-4-ft-x-8-ft-Rtd-Southern-Yellow-Pine-Plywood-Sheathing-112590/100003677,24.43,24.43,"Plywood sheathing is ideal for residential and light construction. Every piece meets the highest grading standards for strength and appearance. It adds proven performance and durability to new homes, room additions and renovations. Plywood sheathing delivers outstanding stiffness, strength and versatility. It is an excellent choice for light frame wall and roof assemblies in weather protected applications.",43%,Cost of Goods Sold,Plytanium 11/32 in. x 4 ft. x 8 ft. Rtd Southern Yellow Pine Plywood Sheathing
26.58,166073,https://images.thdstatic.com/productImages/271db8d5-431c-401c-9db5-ec07e338b6da/svn/plytanium-sheathing-plywood-132411-64_1000.jpg,Plytanium,https://www.homedepot.com/p/Plytanium-15-32-in-x-4-ft-x-8-ft-3-Ply-RTD-Sheathing-132411/100067329,26.58,26.58,"Plywood sheathing is ideal for residential and light construction. Every piece meets the highest grading standards for strength and appearance. It adds proven performance and durability to new homes, room additions and renovations. Plywood sheathing delivers outstanding stiffness, strength and versatility. It is an excellent choice for light frame wall and roof assemblies in weather protected applications.",43%,Cost of Goods Sold,Plytanium 15/32 in. x 4 ft. x 8 ft. 3-Ply RTD Sheathing
41,166030,https://images.thdstatic.com/productImages/ad040470-4294-4b00-8c32-fe0201330435/svn/plytanium-sanded-plywood-201429-64_1000.jpg,Plytanium,https://www.homedepot.com/p/Plytanium-15-32-in-x-4-ft-x-8-ft-BC-Sanded-Pine-Plywood-201429/100012720,41,41,"Every piece meets the highest grading standards for strength and appearance. Sanded and smooth BC project panels are perfect for interior and exterior applications from yard art to wainscoting, do-it-yourself projects, cabinets, shelving and furniture to porch ceilings, soffits and flooring underlayment. These panels are ready to be painted. This plywood has great strength and stiffness. These boards are easy to handle and install. They also have excellent nail and adhesive holding ability.",43%,Cost of Goods Sold,Plytanium 15/32 in. x 4 ft. x 8 ft. BC Sanded Pine Plywood
0.00,231355,https://images.thdstatic.com/productImages/2d64e14a-9b8a-43d4-a026-c71ef7d57f0a/svn/plytanium-sheathing-plywood-184200-64_1000.jpg,Plytanium,https://www.homedepot.com/p/Plytanium-15-32-in-x-4-ft-x-8-ft-Southern-Pine-Plywood-184200/100053260,0.00,0.00,"The Plytanium 15/32 in. x 4 ft. x 8 ft. Southern Pine Plywood is manufactured from Southern pine. This 100% solid wood plywood can be used for residential and light construction applications. This strong, visually appealing board can be used for light frame wall and roof assemblies in weather-protected applications.",43%,Cost of Goods Sold,Plytanium 15/32 in. x 4 ft. x 8 ft. Southern Pine Plywood
41,326135,https://images.thdstatic.com/productImages/739a7c56-d068-4a0c-83e7-7bd3d529758e/svn/plytanium-sanded-plywood-201427-64_1000.jpg,Plytanium,https://www.homedepot.com/p/Plytanium-19-32-in-x-4-ft-x-8-ft-BC-Sanded-Pine-Plywood-201427/100007300,41,41,"Every piece meets the highest grading standards for strength and appearance. Sanded and smooth BC project panels are perfect for interior and exterior applications from yard art to wainscoting, do-it-yourself projects, cabinets, shelving and furniture to porch ceilings, soffits and flooring underlayment. These panels are ready to be painted. This plywood has great strength and stiffness. These boards are easy to handle and install. They also have excellent nail and adhesive holding ability.",43%,Cost of Goods Sold,Plytanium 19/32 in. x 4 ft. x 8 ft. BC Sanded Pine Plywood
30.37,166081,https://images.thdstatic.com/productImages/f10fbbdd-0167-41b6-9725-e671d0a68201/svn/plytanium-sheathing-plywood-195482-64_1000.jpg,Plytanium,https://www.homedepot.com/p/Plytanium-19-32-in-x-4-ft-x-8-ft-Rtd-Sheathing-Syp-195482/100004472,30.37,30.37,"Plywood sheathing is ideal for residential and light commercial construction, and every piece meets the highest grading standards for strength and appearance. It adds proven performance and durability to new homes, room additions and renovations. Plywood sheathing delivers outstanding stiffness, strength and versatility, and is an excellent choice for light frame wall and roof assemblies in weather protected applications.",43%,Cost of Goods Sold,Plytanium 19/32 in. x 4 ft. x 8 ft. Rtd Sheathing Syp
48.38,166057,https://images.thdstatic.com/productImages/41b7d701-9f5e-4325-af4f-f268322e1db0/svn/plytanium-sanded-plywood-201428-64_1000.jpg,Plytanium,https://www.homedepot.com/p/Plytanium-23-32-in-x-4-ft-x-8-ft-BC-Sanded-Pine-Plywood-201428/100061386,48.38,48.38,"Every piece meets the highest grading standards for strength and appearance. Sanded and smooth BC project panels are perfect for interior and exterior applications from yard art to wainscoting, do-it-yourself projects, cabinets, shelving and furniture to porch ceilings, soffits and flooring underlayment. These panels are ready to be painted. Panels are easy to handle and install, and also have excellent nail and adhesive holding ability.",43%,Cost of Goods Sold,Plytanium 23/32 in. x 4 ft. x 8 ft. BC Sanded Pine Plywood
46,724084,https://images.thdstatic.com/productImages/bb733133-7a3c-4ffa-ae8d-92e0e41ec763/svn/plytanium-sheathing-plywood-605189-64_1000.jpg,Plytanium,https://www.homedepot.com/p/Plytanium-23-32-in-x-4-ft-x-8-ft-Southern-Pine-Tongue-and-Groove-Plywood-Sheathing-605189/100003769,46,46,"Plywood provides durability, stiffness and versatility beyond alternative structural panels. Every piece meets the highest grading standards for strength and appearance. Combines sub-floor and underlayment in a single panel for easier installation. Use under wall to wall carpet and pad, hardwood flooring and vinyl tile. Made to withstand high impact and concentrated loads, plywood wears well under high traffic and heavy furniture. It provide smooth sanded surface.",43%,Cost of Goods Sold,Plytanium 23/32 in. x 4 ft. x 8 ft. Southern Pine Tongue and Groove Plywood Sheathing
0.00,510920,https://images.thdstatic.com/productImages/fd165199-e4eb-4567-a007-97b90e664dc3/svn/sheathing-plywood-510920-64_1000.jpg,Unbranded,https://www.homedepot.com/p/Plywood-Siding-Panel-No-Groove-Rough-Sawn-Common-19-32-in-x-4-ft-x-8-ft-Actual-0-578-in-x-48-in-x-96-in-510920/202088930,0.00,0.00,"Arauco is the smart, versatile choice for your next project. This AraucoPly 19/32 in. x 4 ft. x 8 ft. Douglas Fir Plywood is rough-sawn plywood sheathing. This non-grooved plywood is paintable and stainable. Always make sure that the finishes are formulated for use on wood.",43%,Cost of Goods Sold,Unbranded Plywood Siding Panel No Groove Rough Sawn (Common: 19/32 in. x 4 ft. x 8 ft.; Actual: 0.578 in. x 48 in. x 96 in.)
204.8,1008979994,https://images.thdstatic.com/productImages/05e3742b-bbe6-47f3-a8e9-cd0d61510bf6/svn/white-ceiling-grid-kits-7308rwh-64_1000.jpg,Armstrong CEILINGS,https://www.homedepot.com/p/Prelude-8-ft-Main-Beam-Grid-20-Pieces-Case-7308RWH/323581455,204.8,204.8,"Armstrong Prelude 8 ft. Main Beam is engineered for a strong, secure connection and fast, accurate alignment confirmed with an audible click. It features a hot-dipped galvanized coating for optimal rust resistance. It meets all building codes for residential and non-residential construction.",43%,Cost of Goods Sold,Armstrong CEILINGS Prelude 8 ft. Main Beam Grid (20 Pieces/Case)
0.00,417823,https://images.thdstatic.com/productImages/277f8775-0405-4c69-b79f-5b13fc1e61dc/svn/brown-pressure-treated-lumber-417823-64_1000.jpg,Unbranded,https://www.homedepot.com/p/Pressure-Treated-Lumber-HF-Brown-Stain-Common-2-in-x-10-in-x-8-ft-Actual-1-5-in-x-9-25-in-x-96-in-417823/202273855,0.00,0.00,This premium 2 in. x 10 in. x 8 ft. Pressure-Treated Hem-Fir Lumber features a copper azole coating. The lumber can accept paint as desired or needed.,43%,Cost of Goods Sold,Unbranded Pressure-Treated Lumber HF Brown Stain (Common: 2 in. x 10 in. x 8 ft.; Actual: 1.5 in. x 9.25 in. x 96 in.)
0.00,264327,https://images.thdstatic.com/productImages/035f8ed7-8a7c-4fd1-afde-ac8cb0bf56e5/svn/sanded-plywood-cdx12cah-64_1000.jpg,Unbranded,https://www.homedepot.com/p/Pressure-Treated-Rated-Sheathing-Plywood-Common-15-32-in-x-4-ft-x-8-ft-Actual-0-451-in-x-48-in-x-96-in-CDX12CAH/311997673,0.00,0.00,"Every piece meets the highest grading standards for strength and appearance. Sheathing is ideal for residential and light construction. It adds proven performance and durability to new homes, room additions and renovations. Sheathing delivers outstanding stiffness, strength and versatility. It is an excellent choice for light frame wall and roof assemblies in weather protected applications. It can also be used for subfloor applications.",43%,Cost of Goods Sold,"Unbranded Pressure-Treated Rated Sheathing Plywood (Common: 15/32 in. x 4 ft. x 8 ft., Actual: 0.451 in. x 48 in. x 96 in.)"
22.93,1013870013,https://images.thdstatic.com/productImages/1a61dc75-775e-41c9-9d95-daee76cb39f3/svn/prowood-project-panels-109118-64_1000.jpg,ProWood,https://www.homedepot.com/p/ProWood-15-32-in-x-2-ft-x-2-ft-Sanded-Plywood-Project-Panel-109118/333868150,22.93,22.93,"Give your holiday tree a sturdy foundation with this versatile plywood panel at its base. Perfect for enhancing the stability of any traditional tree stand, this ready-to-customize panel can be painted or stained to complement the rest of your holiday decor. Made from planet-friendly material and sized for easy handling, it adds both safety and protection to your holiday tree display, indoors or out.",43%,Cost of Goods Sold,ProWood 15/32 in. x 2 ft. x 2 ft. Sanded Plywood Project Panel
45.28,1001771158,https://images.thdstatic.com/productImages/63d31637-b74d-4b62-9ff6-01316c5779df/svn/sheathing-plywood-288883-64_1000.jpg,Unbranded,https://www.homedepot.com/p/ProWood-15-32-in-x-4-ft-x-8-ft-CCX-Ground-Contact-Pressure-Treated-Pine-Plywood-288883/301895480,45.28,45.28,"Pressure-Treated Southern Yellow Pine meets the highest grading standards for strength and appearance. This treated Ground Contact plywood must be used for applications where treated plywood is difficult to maintain, repair or replace. Treated lumber is critical to the performance and safety of an entire system or construction such as deck joists, beams and ledger boards. An additional benefit is its defense against rot and insect infestation for its vast majority of applications. Southern yellow pine is responsibly manufactured, safe and environmentally friendly when used as directed.",43%,Cost of Goods Sold,Unbranded ProWood 15/32 in. x 4 ft. x 8 ft. CCX Ground Contact Pressure-Treated Pine Plywood
1.75,1002185326,https://images.thdstatic.com/productImages/6e8167f9-7bdc-4fdf-b0b2-2a5c8fbb2f75/svn/prowood-framing-lumber-271736-64_1000.jpg,ProWood,https://www.homedepot.com/p/ProWood-2-in-x-4-in-x-2-ft-2-Premium-Grade-Dimensional-Lumber-271736/300524945,1.75,1.75,"This premium 2 in. x 4 in. is surfaced on four sides and meets the highest grading standards for strength and appearance. Each board is easy to paint or stain. This makes it ideal for a wide range of structural and nonstructural applications including DIY projects. When used for exterior applications, wood protector sealant is recommended.",43%,Cost of Goods Sold,ProWood 2 in. x 4 in. x 2 ft. #2 Premium Grade Dimensional Lumber
2.75,1002185329,https://images.thdstatic.com/productImages/6e8167f9-7bdc-4fdf-b0b2-2a5c8fbb2f75/svn/prowood-framing-lumber-271736-64_1000.jpg,ProWood,https://www.homedepot.com/p/ProWood-2-in-x-4-in-x-3-ft-2-Premium-Grade-Dimensional-Lumber-271736/300524956,2.75,2.75,"This premium 2 in. x 4 in. is surfaced on four sides and meets the highest grading standards for strength and appearance. Each board is easy to paint or stain. This makes it ideal for a wide range of structural and nonstructural applications including DIY projects. When used for exterior applications, wood protector sealant is recommended.",43%,Cost of Goods Sold,ProWood 2 in. x 4 in. x 3 ft. #2 Premium Grade Dimensional Lumber
2.98,1002185331,https://images.thdstatic.com/productImages/6e8167f9-7bdc-4fdf-b0b2-2a5c8fbb2f75/svn/prowood-framing-lumber-271736-64_1000.jpg,ProWood,https://www.homedepot.com/p/ProWood-2-in-x-4-in-x-4-ft-2-Premium-Grade-Dimensional-Lumber-271736/300524962,2.98,2.98,"This premium 2 in. x 4 in. is surfaced on four sides and meets the highest grading standards for strength and appearance. Each board is easy to paint or stain. This makes it ideal for a wide range of structural and nonstructural applications including DIY projects. When used for exterior applications, wood protector sealant is recommended.",43%,Cost of Goods Sold,ProWood 2 in. x 4 in. x 4 ft. #2 Premium Grade Dimensional Lumber
4.98,1002185336,https://images.thdstatic.com/productImages/6e8167f9-7bdc-4fdf-b0b2-2a5c8fbb2f75/svn/prowood-framing-lumber-271737-64_1000.jpg,ProWood,https://www.homedepot.com/p/ProWood-2-in-x-6-in-x-4-ft-2-Premium-Grade-Dimensional-Lumber-271737/300524991,4.98,4.98,"This premium 2 ft. x 6 ft. is surfaced on four sides and meets the highest grading standards for strength and appearance. Each board is easy to paint or stain. This makes it ideal for a wide range of structural and nonstructural applications including DIY projects. When used for exterior applications, wood protector sealant is recommended.",43%,Cost of Goods Sold,ProWood 2 in. x 6 in. x 4 ft. #2 Premium Grade Dimensional Lumber
0.00,1006854968,https://images.thdstatic.com/productImages/fe7417f0-5cf4-4096-9611-d949a6cc42b5/svn/white-baseboard-206prpk72-64_1000.jpg,Unbranded,https://www.homedepot.com/p/Propack-1-2-in-x-5-1-2-in-x-144-in-Primed-Pine-Base-Moulding-6-pack-206PRPK72/318380855,0.00,0.00,"Base moulding is applied on the ground, where the wall meets the wall. It covers the flooring edges to make a completed look. Many bases are available to suit your style.",43%,Cost of Goods Sold,Unbranded Propack 1/2 in. x 5-1/2 in. x 144 in. Primed Pine Base Moulding(6-pack)
0.00,1006540639,https://images.thdstatic.com/productImages/bbd48dd0-71a8-4318-b289-51ff2059e7ea/svn/purebond-hardwood-plywood-5787-64_1000.jpg,PureBond,https://www.homedepot.com/p/PureBond-3-4-in-x-4-ft-x-8-ft-Poplar-Hardwood-Plywood-5787/317372919,0.00,0.00,"Each 7-ply sheet features decorative poplar veneers on the face and back, which exhibit the warmth and beauty of natural hardwood to supply your carpentry creations with visual allure. Furthermore, the 3/4 in. x 4 ft. x 8 ft. panels are manufactured with a soy-based PureBond technology that is formaldehyde-free so it won't deteriorate air quality, as is common with UF-constructed sheets that are susceptible to releasing airborne contaminants over time. Intended for interior use, these poplar plywood panels are an affordable way to craft authentic hardwood-faced masterpieces such as built-in cabinets, entertainment centers, tables, shelves, headboards, wall panels and more.",43%,Cost of Goods Sold,PureBond 3/4 in. x 4 ft. x 8 ft. Poplar Hardwood Plywood
6.91,842303,https://images.thdstatic.com/productImages/f7998d56-cc23-4239-a232-e2fd5a67d8eb/svn/Quikrete-50-lb-Fast-Setting-Concrete-Mix_1000.jpg,Quikrete,https://www.homedepot.com/p/Quikrete-50-lb-Fast-Setting-Concrete-Mix-100450/100318521,6.91,6.91,"Quikrete 50 lb. Fast-Setting Concrete Mix is a special blend of fast-setting cements, sand and gravel. Designed to set hard in 20-40 minutes. Concrete sets posts without mixing. Easy to use by simply adding water.",43%,Cost of Goods Sold,Quikrete 50 lb. Fast-Setting Concrete Mix
4.48,929514,https://images.thdstatic.com/productImages/99c23049-b204-4747-bd4c-39a7c3adf959/svn/gray-quikrete-concrete-mix-110160-64_1000.jpg,Quikrete,https://www.homedepot.com/p/Quikrete-60-lb-Concrete-Mix-110160/100318478,4.48,4.48,"Quikrete 60 lb. Concrete Mix is ideal for both structural and non structural applications over 2 in. thick. This ready to use product contains a blend of Portland cement, sand, gravel, and other approved ingredients. Quikrete 60 lb. Concrete Mix is perfect for projects requiring a quality, general use concrete mix.",43%,Cost of Goods Sold,Quikrete 60 lb. Concrete Mix
5.98,169765,https://images.thdstatic.com/productImages/491b0835-cba0-4f1b-9bfa-f748464675cc/svn/Quikrete-80-lb-Concrete-Mix_1000.jpg,Quikrete,https://www.homedepot.com/p/Quikrete-80-lb-Concrete-Mix-110180/100318511,5.98,5.98,"Quikrete 80 lb. Concrete Mix can be used for building or repairing foundation walls, sidewalks, curbs, steps and ramps and for setting posts. This concrete mix is designed for pouring concrete 2 in. thick or more and is easy to use by simply adding water. Quikrete 80 lb. Concrete Mix consists of a uniformly blended, properly proportioned mixture of gravel, sand and Portland cement.",43%,Cost of Goods Sold,Quikrete 80 lb. Concrete Mix
17.48,1000374893,https://images.thdstatic.com/productImages/f3c407da-96d6-4312-824a-4856cc45fb8a/svn/white-casing-10002037-64_1000.jpg,Unbranded,https://www.homedepot.com/p/RB03-1-in-x-3-1-2-in-x-96-in-Primed-MDF-Casing-1-Piece-8-Total-Linear-Feet-10002037/204167646,17.48,17.48,The Woodgrain Millwork 0.984 in. x 3-1/2 in. x 96 in. Primed MDF RB-03 Casing is used around doors and windows to cover the gaps between the frames and walls. Primed MDF RB-03 casing is the finishing touch on any window and door. You can combine casing with a back-band to create a bold one of kind look.,43%,Cost of Goods Sold,Unbranded RB03 1 in. x  3 1/2 in. x  96 in. Primed MDF Casing (1-Piece − 8 Total Linear Feet)
9.78,1012085722,https://images.thdstatic.com/productImages/cf641919-b1c7-4445-beaa-d72faa3bd7a9/svn/white-reso-baseboard-rmb-620-96-1-64_1000.jpg,RESO,https://www.homedepot.com/p/RESO-620-9-16-in-D-x-4-1-4-in-W-x-96-in-L-Primed-Finger-Joined-Pine-Wood-Baseboard-Molding-1-Piece-8-ft-Total-RMB-620-96-1/331257905,9.78,9.78,"Enhance any room with the elegant touch of a RESCO casing. Expertly crafted finger-jointed molding, it not only offers reliable performance but also creating a tranquil atmosphere within your space. Its smooth surface comes fully prepared, primed and ready for your artistic touch. Transform it with the stroke of a brush into the color of your preference, breathing life and personality into your living space, reflecting your unique style and taste. Welcome guests with the striking presence of the RESCO casing, making a statement that resonates with elegance and grace, leaving them in awe of your carefully curated space. Experience the artistry and charm it adds to your home, elevating your surroundings to new heights of beauty and sophistication.",43%,Cost of Goods Sold,RESO 620 9/16 in. D x 4-1/4 in. W x 96 in. L Primed Finger-Joined Pine Wood Baseboard Molding 1-Piece 8 ft. Total
97.94,1012085725,https://images.thdstatic.com/productImages/cf641919-b1c7-4445-beaa-d72faa3bd7a9/svn/white-reso-baseboard-rmb-620-96-10-64_1000.jpg,RESO,https://www.homedepot.com/p/RESO-620-9-16-in-D-x-4-1-4-in-W-x-96-in-L-Primed-Finger-Joined-Pine-Wood-Baseboard-Molding-10-Piece-80-ft-Total-RMB-620-96-10/331257908,97.94,97.94,"Enhance any room with the elegant touch of a RESCO casing. Expertly crafted finger-jointed molding, it not only offers reliable performance but also creating a tranquil atmosphere within your space. Its smooth surface comes fully prepared, primed and ready for your artistic touch. Transform it with the stroke of a brush into the color of your preference, breathing life and personality into your living space, reflecting your unique style and taste. Welcome guests with the striking presence of the RESCO casing, making a statement that resonates with elegance and grace, leaving them in awe of your carefully curated space. Experience the artistry and charm it adds to your home, elevating your surroundings to new heights of beauty and sophistication.",43%,Cost of Goods Sold,RESO 620 9/16 in. D x 4-1/4 in. W x 96 in. L Primed Finger-Joined Pine Wood Baseboard Molding 10-Piece 80 ft. Total
49.7,1012085724,https://images.thdstatic.com/productImages/cf641919-b1c7-4445-beaa-d72faa3bd7a9/svn/white-reso-baseboard-rmb-620-96-5-64_1000.jpg,RESO,https://www.homedepot.com/p/RESO-620-9-16-in-D-x-4-1-4-in-W-x-96-in-L-Primed-Finger-Joined-Pine-Wood-Baseboard-Molding-5-Piece-40-ft-Total-RMB-620-96-5/331257907,49.7,49.7,"Enhance any room with the elegant touch of a RESCO casing. Expertly crafted finger-jointed molding, it not only offers reliable performance but also creating a tranquil atmosphere within your space. Its smooth surface comes fully prepared, primed and ready for your artistic touch. Transform it with the stroke of a brush into the color of your preference, breathing life and personality into your living space, reflecting your unique style and taste. Welcome guests with the striking presence of the RESCO casing, making a statement that resonates with elegance and grace, leaving them in awe of your carefully curated space. Experience the artistry and charm it adds to your home, elevating your surroundings to new heights of beauty and sophistication.",43%,Cost of Goods Sold,RESO 620 9/16 in. D x 4-1/4 in. W x 96 in. L Primed Finger-Joined Pine Wood Baseboard Molding 5-Piece 40 ft. Total
197.54,1012085726,https://images.thdstatic.com/productImages/cf641919-b1c7-4445-beaa-d72faa3bd7a9/svn/white-reso-baseboard-rmb-620-96-20-64_1000.jpg,RESO,https://www.homedepot.com/p/RESO-620-9-16-in-D-x-4-1-4-in-W-x-96-in-L-Primed-Pine-Finger-Joined-Pine-Wood-Baseboard-Molding-20-piece-160-ft-Total-RMB-620-96-20/331257909,197.54,197.54,"Enhance any room with the elegant touch of a RESO casing. Expertly crafted finger-jointed molding, it not only offers reliable performance but also creating a tranquil atmosphere within your space. Its smooth surface comes fully prepared, primed and ready for your artistic touch. Transform it with the stroke of a brush into the color of your preference, breathing life and personality into your living space, reflecting your unique style and taste. Welcome guests with the striking presence of the RESO casing, making a statement that resonates with elegance and grace, leaving them in awe of your carefully curated space. Experience the artistry and charm it adds to your home, elevating your surroundings to new heights of beauty and sophistication.",43%,Cost of Goods Sold,RESO 620 9/16 in.D x 4 1/4 in. W x 96 in. L Primed Pine Finger-Joined Pine Wood Baseboard Molding 20-piece 160 ft. Total
10.19,1012085727,https://images.thdstatic.com/productImages/b9499205-6092-4c0e-ac49-93b0f86cae62/svn/white-reso-baseboard-rmb-5180-96-1-64_1000.jpg,RESO,https://www.homedepot.com/p/RESO-RMB-518-9-16-in-D-x-5-1-4-in-W-x-96-in-L-Primed-Finger-Joined-Pine-Baseboard-Molding-1-Piece-8-ft-Total-RMB-5180-96-1/331257911,10.19,10.19,"Enhance any room with the elegant touch of a RESCO casing. Expertly crafted finger-jointed molding, it not only offers reliable performance but also creating a tranquil atmosphere within your space. Its smooth surface comes fully prepared, primed and ready for your artistic touch. Transform it with the stroke of a brush into the color of your preference, breathing life and personality into your living space, reflecting your unique style and taste. Welcome guests with the striking presence of the RESCO casing, making a statement that resonates with elegance and grace, leaving them in awe of your carefully curated space. Experience the artistry and charm it adds to your home, elevating your surroundings to new heights of beauty and sophistication.",43%,Cost of Goods Sold,RESO RMB 518 9/16 in. D x 5-1/4 in. W x 96 in. L Primed Finger-Joined Pine Baseboard Molding 1-Piece 8 ft. Total
51.36,1012085729,https://images.thdstatic.com/productImages/b9499205-6092-4c0e-ac49-93b0f86cae62/svn/white-reso-baseboard-rmb-5180-96-5-64_1000.jpg,RESO,https://www.homedepot.com/p/RESO-RMB-518-9-16-in-D-x-5-1-4-in-W-x-96-in-L-Primed-Finger-Joined-Pine-Baseboard-Molding-5-Piece-40-ft-Total-RMB-5180-96-5/331257913,51.36,51.36,"Enhance any room with the elegant touch of a RESCO casing. Expertly crafted finger-jointed molding, it not only offers reliable performance but also creating a tranquil atmosphere within your space. Its smooth surface comes fully prepared, primed and ready for your artistic touch. Transform it with the stroke of a brush into the color of your preference, breathing life and personality into your living space, reflecting your unique style and taste. Welcome guests with the striking presence of the RESCO casing, making a statement that resonates with elegance and grace, leaving them in awe of your carefully curated space. Experience the artistry and charm it adds to your home, elevating your surroundings to new heights of beauty and sophistication.",43%,Cost of Goods Sold,RESO RMB 518 9/16 in. D x 5-1/4 in. W x 96 in. L Primed Finger-Joined Pine Baseboard Molding 5-Piece 40 ft. Total
97.94,1012085735,https://images.thdstatic.com/productImages/10c79601-9022-434a-9881-d267192ddd3b/svn/white-reso-baseboard-rmb-618-96-10-64_1000.jpg,RESO,https://www.homedepot.com/p/RESO-RMB-618-9-16-in-D-x-5-1-4-in-W-x-96-in-L-Primed-Pine-Finger-Joined-Baseboard-Molding-10-Piece-80-ft-Total-RMB-618-96-10/331257920,97.94,97.94,"Enhance any room with the elegant touch of a RESO casing. Expertly crafted finger-jointed molding, it not only offers reliable performance but also creating a tranquil atmosphere within your space. Its smooth surface comes fully prepared, primed and ready for your artistic touch. Transform it with the stroke of a brush into the color of your preference, breathing life and personality into your living space, reflecting your unique style and taste. Welcome guests with the striking presence of the RESO casing, making a statement that resonates with elegance and grace, leaving them in awe of your carefully curated space. Experience the artistry and charm it adds to your home, elevating your surroundings to new heights of beauty and sophistication.",43%,Cost of Goods Sold,RESO RMB 618 9/16 in.D x 5 1/4 in. W x 96 in. L Primed Pine Finger-Joined Baseboard Molding 10-Piece 80 ft. Total
7.04,1012085717,https://images.thdstatic.com/productImages/bcc67c69-8647-4dbd-88bb-9eee457ebed5/svn/white-reso-baseboard-rmb-623-96-1-64_1000.jpg,RESO,https://www.homedepot.com/p/RESO-RMB-623-9-16-in-D-x-3-1-4-in-W-x-96-in-L-Primed-Finger-Joined-Pine-Baseboard-Molding-1-Piece-8-ft-Total-RMB-623-96-1/331257900,7.04,7.04,"Enhance any room with the elegant touch of a RESCO casing. Expertly crafted finger-jointed molding, it not only offers reliable performance but also creating a tranquil atmosphere within your space. Its smooth surface comes fully prepared, primed and ready for your artistic touch. Transform it with the stroke of a brush into the color of your preference, breathing life and personality into your living space, reflecting your unique style and taste. Welcome guests with the striking presence of the RESCO casing, making a statement that resonates with elegance and grace, leaving them in awe of your carefully curated space. Experience the artistry and charm it adds to your home, elevating your surroundings to new heights of beauty and sophistication.",43%,Cost of Goods Sold,RESO RMB 623 9/16 in. D x 3-1/4 in. W x 96 in. L Primed Finger-Joined Pine Baseboard Molding 1-Piece 8 ft. Total
70.45,1012085720,https://images.thdstatic.com/productImages/bcc67c69-8647-4dbd-88bb-9eee457ebed5/svn/white-reso-baseboard-rmb-623-96-10-64_1000.jpg,RESO,https://www.homedepot.com/p/RESO-RMB-623-9-16-in-D-x-3-1-4-in-W-x-96-in-L-Primed-Finger-Joined-Pine-Baseboard-Molding-10-Piece-80-ft-Total-RMB-623-96-10/331257903,70.45,70.45,"Enhance any room with the elegant touch of a RESCO casing. Expertly crafted finger-jointed molding, it not only offers reliable performance but also creating a tranquil atmosphere within your space. Its smooth surface comes fully prepared, primed and ready for your artistic touch. Transform it with the stroke of a brush into the color of your preference, breathing life and personality into your living space, reflecting your unique style and taste. Welcome guests with the striking presence of the RESCO casing, making a statement that resonates with elegance and grace, leaving them in awe of your carefully curated space. Experience the artistry and charm it adds to your home, elevating your surroundings to new heights of beauty and sophistication.",43%,Cost of Goods Sold,RESO RMB 623 9/16 in. D x 3-1/4 in. W x 96 in. L Primed Finger-Joined Pine Baseboard Molding 10-Piece 80 ft. Total
29.97,335151,https://images.thdstatic.com/productImages/55bd60e7-72eb-44c2-90bd-3dd090829747/svn/ridgid-shop-vacuum-attachments-vf5000-64_1000.jpg,RIDGID,https://www.homedepot.com/p/RIDGID-Fine-Dust-Pleated-Paper-Wet-Dry-Vac-Shop-Vacuum-Filter-Replacement-for-Most-5-16-Gallon-RIDGID-Wet-Dry-Vacs-1-Pack-VF5000/100075119,29.97,29.97,"The RIDGID fine dust pleated paper filter is designed for your RIDGID wet dry vacuum (5 gal. and larger) to capture fine dust and traps particles such as mold, fine powders and cool fireplace ash. The replacement shop vac fine dust filter can be washed and, if dried properly, reused. Changing shop vac filters often is strongly recommended to increase the vac's performance and to help extend wet dry vacuum life as it protects the motor from harmful dust and debris.  This product offers one fine dust filter that fits all RIDGID wet dry shop vacs 5 gal. and larger and should only be used for dry pickup. With its patented Qwik Lock feature, the filter simply snaps on or off the shop vacuum for easy cleaning and to quickly switch filter options. RIDGID provides other filtration offerings, including VF6000 HEPA Material Filter (sold separately), VF7000 Wet Filter (sold separately), and VF8000 HEPA Filter (sold separately), depending on the job application and type of cleanup mess.  Also, a range of value pack sizes (2-count, 4-count, 8-count and 16-count) are available to accommodate a variety of project needs.",43%,Cost of Goods Sold,RIDGID Fine Dust Pleated Paper Wet Dry Vac Shop Vacuum Filter Replacement for Most 5-16 Gallon RIDGID Wet Dry Vacs (1-Pack)
79,1010335614,https://images.thdstatic.com/productImages/6fd07ad8-9682-4943-9871-8c135cb43dd6/svn/ryobi-cordless-string-trimmers-pclst01k-64_1000.jpg,RYOBI,https://www.homedepot.com/p/RYOBI-ONE-18V-10-in-Cordless-Battery-String-Trimmer-Edger-with-2-0-Ah-Battery-and-Charger-PCLST01K/319022710,79,79,"The RYOBI 18V ONE+ 10"" String Trimmer/Edger Kit is the lightest weight string trimmer, weighing under 4 lbs. and is ideal for tackling small yards. Experience over 30 minutes of runtime using an 18V ONE+ 2Ah battery. This string trimmer is equipped with an auto-feed head for easy line advancement with each pull of the trigger. It has an adjustable 8"" - 10"" cut swath and is compatible with .065"" line that can quickly & conveniently be reloaded. When it is time to edge, easily twist the shaft to turn into an edger, and comfortably get the job done with an overmold handle. Best of all, it is part of the RYOBI ONE+ system where any 18V ONE+ battery works with any 18V ONE+ product. This 18V ONE+ 10"" String Trimmer/Edger Kit is backed by the RYOBI 3-Year Manufacturer's Warranty and includes 18V 10"" String Trimmer/Edger, 18V 2Ah Lithium Battery, 18V Charger, Grass Deflector, and Operator's Manuals.",43%,Cost of Goods Sold,RYOBI ONE+ 18V 10 in. Cordless Battery String Trimmer/Edger with 2.0 Ah Battery and Charger
149,1010345469,https://images.thdstatic.com/productImages/b5848263-20fb-4340-9dd4-99edb7ea56c4/svn/ryobi-outdoor-power-combo-kits-pclck202k-64_1000.jpg,RYOBI,https://www.homedepot.com/p/RYOBI-ONE-18V-Cordless-Battery-String-Trimmer-Edger-and-Jet-Fan-Blower-Combo-Kit-2-Tools-with-4-0-Ah-Battery-and-Charger-PCLCK202K/327395158,149,149,"The RYOBI 18V ONE+ 2-Tool Combo Kit includes the 18V ONE+ 13"" String Trimmer, 18V ONE+ 350 CFM Blower, 18V ONE+ 4Ah Lithium Battery, and 18V ONE+ Charger. Experience exceptional performance with just the pull of a trigger. The 13"" String Trimmer provides the power to tackle grass around medium sized yards. Achieve over 55 minutes of runtime using an 18V ONE+ 4Ah battery. Trim weeds & grass with the adjustable 11"" to 13"" cut swath. A larger cut swath will give you maximum performance while a smaller cut swath gives you maximum runtime. The auto-feed head reloads .080"" string and advances line with each pull of the trigger. For ultimate convenience, turn your string trimmer into an edger for clean, precise cuts around your sidewalks and driveways with the pivoting head edger function. The Blower delivers 350 CFM and 100 MPH, making it ideal for light applications, hard surfaces, & dry leaves. Achieve 70 minutes of runtime using a 18V ONE+ 4Ah battery. It's easy to handle with the lightweight design, and a variable speed trigger gives you maximum control in delicate applications like blowing leaves from mulch beds. Best of all, it is part of the RYOBI ONE+ system where any 18V ONE+ battery works with any 18V ONE+ product. This 18V ONE+ 2-Tool Combo Kit is backed by the RYOBI 3-Year Manufacturer's Warranty and includes P20018 18V 13"" String Trimmer/Edger, PCLLB01 18V 350 CFM Blower, PBP005 18V 4Ah Battery, PCG002 18V Charger, Grass Deflector, Front Handle, and Operator's Manuals.",43%,Cost of Goods Sold,RYOBI ONE+ 18V Cordless Battery String Trimmer/Edger and Jet Fan Blower Combo Kit (2-Tools) with 4.0 Ah Battery and Charger
0.00,241548,https://images.thdstatic.com/productImages/4d1f42c1-cabc-4219-8785-b83b729156b3/svn/sheathing-plywood-31122-64_1000.jpg,TECHSHIELD,https://www.homedepot.com/p/Radiant-Barrier-15-32-Application-as-4-x-8-Roof-Sheathing-Panel-31122/202106240,0.00,0.00,"Installed in more than 1.5 million homes to date, Radiant Barrier is the industry's best-selling brand of radiant barrier sheathing. Equipped with patented VaporVents technology, this sheathing offers superior moisture resistance-and it installs like conventional roof sheathing, requiring no additional labor or installation time. Get two decades of peace-of-mind protection with a 20-year transferable limited warranty* when you choose the smart, simple way to build more energy-efficient homes",43%,Cost of Goods Sold,TECHSHIELD Radiant Barrier 15/32 Application as 4' x 8' Roof Sheathing Panel
9.48,1001690001,https://images.thdstatic.com/productImages/faeced2f-6a11-486f-8801-7c237d1cffe2/svn/white-royal-building-products-general-purpose-moulding-0201808013-64_1000.jpg,Royal Building Products,https://www.homedepot.com/p/Royal-Building-Products-2018-1-4-in-D-x-1-1-2-in-W-x-96-in-Primed-PVC-Lattice-Moulding-1-Piece-8-Total-Linear-Feet-0201808013/334906587,9.48,9.48,"An affordable, attractive option to wood trim, this 100% PVC window, door and garage surrounds, trim, fascia and decorative molding is a terrific solution. Whether you're building a new home or remodeling and existing, there are Royal Molding trim products to suit virtually any taste or style to give every home a unique look all its own. Add molding to your home adds value and a nice finishing touch to any room.",43%,Cost of Goods Sold,Royal Building Products 2018 1/4 in. D x 1-1/2 in. W x 96 in. Primed PVC Lattice Moulding (1-Piece − 8 Total Linear Feet)
9.48,1001690001,https://images.thdstatic.com/productImages/faeced2f-6a11-486f-8801-7c237d1cffe2/svn/white-royal-building-products-general-purpose-moulding-mldp00x02wm269wh-64_1000.jpg,Royal Building Products,https://www.homedepot.com/p/Royal-Building-Products-2018-1-4-in-x-1-1-2-in-x-96-in-Primed-PVC-Lattice-Moulding-1-Piece-8-Total-Linear-Feet-MLDP00X02WM269WH/203822135,9.48,9.48,"An affordable, attractive option to wood trim, this 100% PVC window, door and garage surrounds, trim, fascia and decorative molding is a terrific solution. Whether you're building a new home or remodeling and existing, there are Royal Molding trim products to suit virtually any taste or style to give every home a unique look all its own. Add molding to your home adds value and a nice finishing touch to any room.",43%,Cost of Goods Sold,Royal Building Products 2018 1/4 in. x 1 1/2 in. x 96 in. Primed PVC Lattice Moulding (1-Piece − 8 Total Linear Feet)
5.64,837699,https://images.thdstatic.com/productImages/5f6b3241-6343-4a9a-a8c1-84e67cc1b3a6/svn/white-royal-building-products-quarter-round-mldp01x01wm108wh-64_1000.jpg,Royal Building Products,https://www.homedepot.com/p/Royal-Building-Products-2024-1-2-in-x-1-2-in-x-96-in-Primed-Vinyl-Quarter-Round-Moulding-1-Piece-8-Total-Linear-Feet-MLDP01X01WM108WH/202089994,5.64,5.64,Use 8 ft. x 1/2 in. x 1/2 in. Cellular Vinyl Quarter Round Molding as a finishing touch and know that it will hold up for many years. Simply cut and glue or nail this bright-white quarter round into place. It is also paintable.,43%,Cost of Goods Sold,Royal Building Products 2024 1/2 in. x 1/2 in. x 96 in. Primed Vinyl Quarter Round Moulding (1-Piece − 8 Total Linear Feet)
12.18,1003964214,https://images.thdstatic.com/productImages/a03fe502-97bb-435c-a55a-391dc754182f/svn/white-royal-building-products-casing-mldp01x02wm356wh-64_1000.jpg,Royal Building Products,https://www.homedepot.com/p/Royal-Building-Products-2355-11-16-in-x-2-1-4-in-x-96-in-Colonial-Primed-PVC-Casing-1-Piece-8-Total-Linear-Feet-MLDP01X02WM356WH/203822128,12.18,12.18,"100% PVC window, door and garage surrounds, trim, fascia and decorative molding provides a beautiful, durable option to costly wood trim. Whether you're building a new home or remodeling and existing, there are Royal Molding trim products to suit virtually any taste or style to give every home a unique look all its own. Add molding to your home adds value and a nice finishing touch to any room.",43%,Cost of Goods Sold,Royal Building Products 2355 11/16 in. x 2 1/4 in. x 96 in. Colonial Primed PVC Casing (1-Piece − 8 Total Linear Feet)
